belongs_to_collection,nro_peliculas,total_revenue,average_revenue
The Bowery Boys,29,0.0,0.0
Totò Collection,27,0.0,0.0
James Bond Collection,26,7106970239.0,273345009.1923077
Zatôichi: The Blind Swordsman,26,0.0,0.0
The Carry On Collection,25,0.0,0.0
Charlie Chan (Sidney Toler) Collection,21,0.0,0.0
Pokémon Collection,20,505431120.0,28079506.666666668
Godzilla (Showa) Collection,16,0.0,0.0
Dragon Ball Z (Movie) Collection,15,112121192.0,7474746.133333334
Charlie Chan (Warner Oland) Collection,15,0.0,0.0
Uuno Turhapuro,15,0.0,0.0
The Land Before Time Collection,14,84460846.0,6032917.571428572
Monster High Collection,14,0.0,0.0
George Carlin Comedy Collection,13,0.0,0.0
Sharpe Collection,13,0.0,0.0
Friday the 13th Collection,12,464898544.0,38741545.333333336
The Amityville Horror Collection,12,213347083.0,17778923.583333332
Johan Falk GSI Collection,12,0.0,0.0
Sherlock Holmes (1939 series),12,0.0,0.0
The Love Comes Softly Collection,10,0.0,0.0
Puppet Master Collection,10,0.0,0.0
Il Maresciallo Giraldi Collection,10,0.0,0.0
Hellraiser Collection,10,55864723.0,5586472.3
An American Girl Collection,10,0.0,0.0
Fantozzi Collection,10,0.0,0.0
Tom and Jerry Collection,10,0.0,0.0
Asterix and Obelix (Animation) Collection,9,0.0,0.0
The Pink Panther (Original) Collection,9,164478248.0,18275360.888888888
The Garden of Sinners,9,0.0,0.0
Dracula (Hammer Series),9,909413.0,101045.88888888889
Children of the Corn Collection,9,20980986.0,2331220.6666666665
Ernest Collection,9,51711491.0,5745721.222222222
The Magick Lantern Cycle,9,0.0,0.0
Jesse Stone Collection,9,0.0,0.0
The Hire,9,0.0,0.0
Harry Potter Collection,8,7707367425.0,963420928.125
Star Wars Collection,8,7434494790.0,929311848.75
Jönsson Gang,8,0.0,0.0
"Signed, Sealed, Delivered",8,0.0,0.0
Halloween Collection,8,247168056.0,30896007.0
Gamera Films,8,0.0,0.0
Tarzan (Johnny Weissmuller series),8,0.0,0.0
A Nightmare on Elm Street Collection,8,363591558.0,45448944.75
The Fast and the Furious Collection,8,5125098793.0,640637349.125
Police Story Collection,7,123544268.0,17649181.14285714
Road to Collection,7,0.0,0.0
Rocky Collection,7,1337126094.0,191018013.42857143
Police Academy Collection,7,304643237.0,43520462.428571425
The Muppet Collection,7,400124401.0,57160628.71428572
Mr. Moto Collection,7,0.0,0.0
Vares Collection,7,0.0,0.0
Cheech & Chong Collection,7,119943461.0,17134780.14285714
Beethoven Collection,7,265457115.0,37922445.0
Jackass Collection,7,406116832.0,58016690.28571428
Saw Collection,7,878307806.0,125472543.71428572
Babylon 5 Collection,7,0.0,0.0
Why We Fight,7,0.0,0.0
Black Emanuelle Collection,7,0.0,0.0
Disney Buddies Collection,7,0.0,0.0
The Up Series,7,238073.0,34010.42857142857
The Howling Collection,7,17985893.0,2569413.285714286
Godzilla (Heisei) Collection,7,4100000.0,585714.2857142857
The Bible Collection,7,0.0,0.0
Lassie (Kinofilme),6,0.0,0.0
Trailer Park Boys Collection,6,3833507.0,638917.8333333334
Lone Wolf and Cub Collection,6,0.0,0.0
Resident Evil Collection,6,1233421727.0,205570287.83333334
Kvartet I Collection,6,39409191.0,6568198.5
Child's Play Collection,6,176022038.0,29337006.333333332
Le Gendarme de St. Tropez Collection,6,0.0,0.0
Kevin Smith: Silent Bob Speaks!,6,0.0,0.0
Universal Soldier Collection,6,12945586.0,2157597.6666666665
The Thin Man Collection,6,1423000.0,237166.66666666666
Tinker Bell Collection,6,20300000.0,3383333.3333333335
Ju-on Collection,6,0.0,0.0
Sniper Collection,6,18994653.0,3165775.5
Saint Seiya Collection,6,0.0,0.0
Star Trek: The Original Series Collection,6,622900000.0,103816666.66666667
Leprechaun Collection (Original Series),6,10817562.0,1802927.0
"Silent Night, Deadly Night Collection",6,168890.0,28148.333333333332
"Martin Scorsese’s World Cinema Project, Vol. 1",6,0.0,0.0
Lupin the Third Collection,6,0.0,0.0
Kickboxer Collection,6,15947717.0,2657952.8333333335
Living Dead Collection,6,171135460.0,28522576.666666668
Herbie Collection,6,66002004.0,11000334.0
Wallace & Gromit Collection,6,192452832.0,32075472.0
Paranormal Activity Collection,6,883848567.0,147308094.5
Wrong Turn Collection,6,28650575.0,4775095.833333333
Ghost in the Shell: Arise,6,101203.0,16867.166666666668
Texas Chainsaw Massacre Collection,6,92078277.0,15346379.5
X-Men Collection,6,2808832317.0,468138719.5
Alien Nation Collection,6,32155047.0,5359174.5
Emmanuelle Collection,6,0.0,0.0
Outlaw Gangster VIP: The Complete Collection,6,0.0,0.0
Faces of Death Collection,6,0.0,0.0
Despicable Me Collection,6,3691070216.0,615178369.3333334
Godzilla (Millennium) Collection,6,10037390.0,1672898.3333333333
Frankenstein (Hammer Series),6,0.0,0.0
The Fjällbacka Murders,6,0.0,0.0
Sällskapsresorna,6,13656519.0,2276086.5
Beach Party Collection,6,0.0,0.0
Sartana Collection,5,0.0,0.0
Schoolgirl Report Collection,5,0.0,0.0
The Bourne Collection,5,1637416431.0,327483286.2
LEGO DC Comics Super Heroes Collection,5,0.0,0.0
Lake Placid Collection,5,56870414.0,11374082.8
Final Destination Collection,5,605502659.0,121100531.8
Three Heroes Collection,5,24209008.0,4841801.6
Beck Collection,5,0.0,0.0
The Exorcist Collection,5,589331619.0,117866323.8
The Discworld Collection,5,0.0,0.0
Blondie Collection,5,0.0,0.0
Frankenstein (Universal Series),5,12000000.0,2400000.0
The Eye Collection,5,56309766.0,11261953.2
Scary Movie Collection,5,896555030.0,179311006.0
Torrente Collection,5,11672363.0,2334472.6
The Yakuza Papers Collection,5,0.0,0.0
Fantômas Serial,5,0.0,0.0
The Hannibal Lecter Anthology,5,924422301.0,184884460.2
Inner Sanctum mysteries,5,0.0,0.0
Break Blade Collection,5,0.0,0.0
The Invisible Man (Universal Series),5,1040000.0,208000.0
Step Up Collection,5,650939748.0,130187949.6
Ice Age Collection,5,3216708553.0,643341710.6
Subspecies Collection,5,0.0,0.0
Superman Collection,5,976908540.0,195381708.0
Tales from the Crypt Collection,5,5600000.0,1120000.0
Death Wish Collection,5,85647565.0,17129513.0
Home Alone Collection,5,914758871.0,182951774.2
The Mummy (Universal Series),5,0.0,0.0
Highlander Collection,5,74099948.0,14819989.6
Hercules TV Movies,5,0.0,0.0
Sleepaway Camp Collection,5,0.0,0.0
The Terminator Collection,5,1845327738.0,369065547.6
The Marine Collection,5,22165608.0,4433121.6
Slayers - Movie Collection,5,0.0,0.0
Six Degrees of Celebration Collection,5,22772019.0,4554403.8
Die Hard Collection,5,1435086362.0,287017272.4
Dirty Harry Collection,5,189622693.0,37924538.6
The Twilight Collection,5,3342107290.0,668421458.0
The Adventures of Antoine Doinel,5,0.0,0.0
Shrek Collection,5,2955807008.0,591161401.6
Dr. Dolittle Collection,5,470560949.0,94112189.8
Dragon Ball Z OVA Collection,5,0.0,0.0
Bring It On Collection,5,90449929.0,18089985.8
The Jack Ryan Collection,5,836688411.0,167337682.2
Fist of the North Star: The Legends of the True Savior,5,862.0,172.4
Transformers Collection,5,4366101244.0,873220248.8
Return of the Living Dead Collection,5,23497131.0,4699426.2
Osobennosti Natsionalnoy ... - Collection,5,0.0,0.0
Air Bud Collection,5,33368615.0,6673723.0
Prom Night Collection,5,32275991.0,6455198.2
Underworld Collection,5,539608743.0,107921748.6
Mission: Impossible Collection,5,2778977995.0,555795599.0
Planet of the Apes Original Collection,5,83288644.0,16657728.8
Mythica Collection,5,0.0,0.0
National Lampoon's Vacation Collection,5,322868721.0,64573744.2
Vääpeli Körmy - Collection,5,0.0,0.0
Pirates of the Caribbean Collection,5,4521576826.0,904315365.2
Tremors Collection,5,48572000.0,9714400.0
Phantasm Collection,5,19271320.0,3854264.0
American Ninja Collection,5,10499694.0,2099938.8
The Olsen Gang Collection,4,0.0,0.0
American Pie (Spin-off) Collection,4,0.0,0.0
Tales of the Four Seasons,4,0.0,0.0
Deathstalker Collection,4,8890685.0,2222671.25
The Nancy Drew Collection (Bonita Granville),4,0.0,0.0
Poison Ivy Collection,4,0.0,0.0
American Pie Collection,4,989475386.0,247368846.5
Alvin and the Chipmunks Collection,4,1380957626.0,345239406.5
Werner Collection,4,0.0,0.0
The Mummy (Hammer Series),4,0.0,0.0
Taxi Collection,4,126491626.0,31622906.5
The Omen Collection,4,107912717.0,26978179.25
Anaconda Collection,4,207878665.0,51969666.25
House Collection,4,9538897.0,2384724.25
House Party Collection,4,26386000.0,6596500.0
Cinderella Story Collection,4,70067909.0,17516977.25
Species Collection,4,132539663.0,33134915.75
The Sinbad Collection,4,27000000.0,6750000.0
The Scorpion King Collection,4,165333180.0,41333295.0
Spy Kids Collection,4,550233830.0,137558457.5
St. Trinian's Collection,4,0.0,0.0
Confessions Collection,4,0.0,0.0
Iron Eagle Collection,4,0.0,0.0
Corto Maltese,4,0.0,0.0
Star Trek: The Next Generation Collection,4,455312826.0,113828206.5
Critters Collection,4,16980525.0,4245131.25
Indiana Jones Collection,4,1983733810.0,495933452.5
Starship Troopers Collection,4,121214377.0,30303594.25
"Ilsa, She Wolf of the SS Collection",4,0.0,0.0
The Prophecy Collection,4,16.0,4.0
Street Fighter Collection,4,0.0,0.0
Trancers Collection,4,0.0,0.0
TekWar Collection,4,0.0,0.0
Alien Collection,4,610021801.0,152505450.25
Diary of a Wimpy Kid Collection,4,265350212.0,66337553.0
Nemesis Collection,4,0.0,0.0
The Chronicles of Riddick Collection,4,267297687.0,66824421.75
Futurama Collection,4,0.0,0.0
Fu Manchu Collection,4,0.0,0.0
3 Ninjas Collection,4,0.0,0.0
The Gamers Collection,4,0.0,0.0
The Crow Collection,4,111917287.0,27979321.75
[REC] Collection,4,59265680.0,14816420.0
Open Season Collection,4,197309027.0,49327256.75
The Cutting Edge Collection,4,25105517.0,6276379.25
Nuke 'Em High Collection,4,0.0,0.0
The Dick Proenneke Collection,4,0.0,0.0
The Dirty Dozen Collection,4,45300000.0,11325000.0
One Missed Call Collection,4,0.0,0.0
Fievel Collection,4,125308043.0,31327010.75
Once Upon a Time in China Collection,4,61766696.0,15441674.0
The Doctor Series,4,0.0,0.0
Final Fantasy Collection,4,85401810.0,21350452.5
"Ninja, Band of Assassins Collection",4,0.0,0.0
Ghoulies Collection,4,35000000.0,8750000.0
The Magnificent Seven Collection,4,4905000.0,1226250.0
The Hunger Games Collection,4,2944162634.0,736040658.5
Meatballs Collection,4,0.0,0.0
Harry Palmer Collection,4,0.0,0.0
The Lion King Collection,4,788241776.0,197060444.0
Hamilton Collection,4,3142763.0,785690.75
Halloweentown Collection,4,0.0,0.0
Airport Collection,4,190504839.0,47626209.75
Hababam Sınıfı Collection,4,0.0,0.0
Paranormal Investigations Collection,4,0.0,0.0
Dracula (Universal Series),4,1012189.0,253047.25
Dragon Ball Collection,4,0.0,0.0
Wishmaster Collection,4,15719109.0,3929777.25
The Karate Kid Collection,4,260702809.0,65175702.25
DragonHeart Collection,4,115267375.0,28816843.75
The Jaws Collection,4,798406075.0,199601518.75
The Benji Collection,4,0.0,0.0
Eating Out Series,4,0.0,0.0
Naruto Collection,4,17322136.0,4330534.0
Vixens Collection,4,6000000.0,1500000.0
Mothra Collection,4,0.0,0.0
Bionicle Collection,4,0.0,0.0
Asterix and Obelix Collection,4,245671613.0,61417903.25
Killer Tomatoes! Collection,4,0.0,0.0
Scanners Collection,4,28451752.0,7112938.0
Rambo Collection,4,727873237.0,181968309.25
RoboCop Collection,4,352066348.0,88016587.0
Casper Collection,4,287928194.0,71982048.5
Lethal Weapon Collection,4,955237243.0,238809310.75
The Whistler collection,4,0.0,0.0
Simon Brenner Collection,4,0.0,0.0
Ator Collection,4,0.0,0.0
Flatfoot Collection,4,0.0,0.0
Sharknado Collection,4,0.0,0.0
Caprona Collection,4,0.0,0.0
Rudolph the Red-Nosed Reindeer Collection,4,0.0,0.0
The Toxic Avenger Collection,4,0.0,0.0
The Wolf Man (Universal Series),4,0.0,0.0
The Transporter Collection,4,310705790.0,77676447.5
Atlas Shrugged Collection,4,5474079.0,1368519.75
Lilo & Stitch Collection,4,145771527.0,36442881.75
Ringu Collection,4,27377073.0,6844268.25
Revenge of the Nerds Collection,4,22642033.0,5660508.25
Scream Collection,4,604382926.0,151095731.5
Bloodsport Collection,4,12490470.0,3122617.5
Madagascar Collection,4,2257054393.0,564263598.25
Scooby-Doo Collection,4,457117536.0,114279384.0
Justice League (Animated) Collection,4,5155325.0,1288831.25
The Visitors Collection,4,0.0,0.0
Batman Collection,4,1266085190.0,316521297.5
Mad Max Collection,4,539689391.0,134922347.75
Undisputed Collection,4,12398628.0,3099657.0
Jurassic Park Collection,4,3031484143.0,757871035.75
Behind Enemy Lines Collection,4,91753202.0,22938300.5
Shaft Collection,4,130776116.0,32694029.0
Billy Jack Collection,4,36000000.0,9000000.0
Lonesome Dove Collection,4,0.0,0.0
Recep İvedik Serisi,4,154851495.0,38712873.75
The Blue Lagoon collection,3,61660960.0,20553653.333333332
The Boogeyman Collection,3,67192859.0,22397619.666666668
Legend of the Galactic Heroes Collection,3,0.0,0.0
Love in the City Collection,3,19310550.0,6436850.0
Lost Boys Collection,3,32222567.0,10740855.666666666
Ginger Snaps Collection,3,0.0,0.0
Goal! Collection,3,27610873.0,9203624.333333334
National Lampoon’s Van Wilder Collection,3,44361991.0,14787330.333333334
Pusher Collection,3,0.0,0.0
Legally Blonde Collection,3,266689521.0,88896507.0
Robert Langdon Collection,3,1344455157.0,448151719.0
The Adventures of Erast Fandorin,3,0.0,0.0
Parent Trap Collection,3,0.0,0.0
The Apu Collection,3,722579.0,240859.66666666666
The Art of War Collection,3,30199105.0,10066368.333333334
Naked Collection,3,0.0,0.0
The BRD Collection,3,0.0,0.0
Lucky Stars Collection,3,0.0,0.0
Naked Gun Collection,3,216819186.0,72273062.0
Green Street Hooligans Collection,3,3154346.0,1051448.6666666667
Golmaal Collection,3,0.0,0.0
Robot Jox Collection,3,0.0,0.0
The Bad New Bears Collection,3,54427642.0,18142547.333333332
Nativity Collection,3,0.0,0.0
Gourmet Detective Collection,3,0.0,0.0
Paradise Trilogy,3,37476.0,12492.0
Paradise Lost Collection,3,0.0,0.0
"Pane, amore e… - Collezione",3,0.0,0.0
The Blind Dead Collection,3,0.0,0.0
Left Behind Collection,3,0.0,0.0
The Brave Little Toaster Collection,3,0.0,0.0
Ghostbusters Collection,3,739754714.0,246584904.66666666
Lone Wolf film series,3,0.0,0.0
French Fried Vacation,3,0.0,0.0
Saints and Soldiers Collection,3,0.0,0.0
Rugrats Collection,3,100491786.0,33497262.0
Sailor Moon Collection,3,0.0,0.0
Free Willy Collection,3,153698625.0,51232875.0
The Dark Knight Collection,3,2463716216.0,821238738.6666666
Not Quite Human Collection,3,0.0,0.0
Ong Bak Collection,3,11277041.0,3759013.6666666665
The Delta Force Collection,3,24467261.0,8155753.666666667
One Piece Collection,3,119207073.0,39735691.0
Friday Collection,3,121570081.0,40523360.333333336
The Disappearance Of Eleanor Rigby,3,985007.0,328335.6666666667
S.W.A.T. Collection,3,116643346.0,38881115.333333336
Rush Hour Collection,3,849734899.0,283244966.3333333
Ocean's Collection,3,1124774054.0,374924684.6666667
Living Trilogy,3,0.0,0.0
"Oh, God! Collection",3,41687243.0,13895747.666666666
Rurouni Kenshin Live-Action Collection,3,61700000.0,20566666.666666668
Flodder Collection,3,0.0,0.0
The Elusive Revengers Collection,3,0.0,0.0
"No Retreat, No Surrender Collection",3,4770291.0,1590097.0
Oskar Luts Collection,3,0.0,0.0
Naval Cadets Collection,3,0.0,0.0
The Cabin Fever Collection,3,30553394.0,10184464.666666666
Overheard Collection,3,0.0,0.0
Never Back Down Collection,3,41627431.0,13875810.333333334
Ghost in the Shell Collection,3,12077365.0,4025788.3333333335
Outpost Collection,3,0.0,0.0
Screwballs Collection,3,0.0,0.0
Night at the Museum Collection,3,1337011293.0,445670431.0
Night of the Demons Collection,3,3109904.0,1036634.6666666666
Otto Collection,3,0.0,0.0
The Butterfly Effect Collection,3,96060858.0,32020286.0
Garfield (Animation) Collection,3,0.0,0.0
The Cremaster Cycle,3,0.0,0.0
The Cheetah Girls Collection,3,0.0,0.0
The Chronicles of Narnia Collection,3,1584144587.0,528048195.6666667
Look Who's Talking Collection,3,296000000.0,98666666.66666667
"Sarah, Plain and Tall Collection",3,0.0,0.0
Samurai Trilogy,3,7338987.0,2446329.0
The Complete Monterey Pop Festival,3,0.0,0.0
Les Ripoux - Trilogie,3,0.0,0.0
Samurai Collection,3,0.0,0.0
From Dusk Till Dawn Collection,3,25836616.0,8612205.333333334
Hanzo the Razor Collection,3,0.0,0.0
Maigret (Rowan Atkinson) Collection,3,0.0,0.0
La Trilogie Marseillaise,3,0.0,0.0
Infernal Affairs Collection,3,8708932.0,2902977.3333333335
Rampage Collection,3,0.0,0.0
Iron Man Collection,3,2424547547.0,808182515.6666666
Slap Shot Collection,3,28000000.0,9333333.333333334
Ranma Collection,3,0.0,0.0
Ip Man Collection,3,214733351.0,71577783.66666667
Star Trek: Alternate Reality Collection,3,1196517508.0,398839169.3333333
Insidious Collection,3,201313001.0,67104333.666666664
Sissi Collection,3,0.0,0.0
Mimic Collection,3,25480490.0,8493496.666666666
Problem Child Collection,3,0.0,0.0
Mark Collection,3,0.0,0.0
In the Name of the King Collection,3,0.0,0.0
Stargate SG-1 Collection,3,8900000.0,2966666.6666666665
Predator Collection,3,281604679.0,93868226.33333333
Missing in Action Collection,3,39761759.0,13253919.666666666
Killjoy,3,0.0,0.0
StreetDance Collection,3,18197477.0,6065825.666666667
I Spit on Your Grave Collection,3,573618.0,191206.0
Stuart Little Collection,3,470092173.0,156697391.0
Porky's Collection,3,180006429.0,60002143.0
It's Alive Collection,3,0.0,0.0
Spud Collection,3,0.0,0.0
The ABCs of Death Collection,3,28831.0,9610.333333333334
Son of Batman Collection,3,0.0,0.0
Jungledyret Hugo Collection,3,0.0,0.0
Jungle Jim Collection,3,0.0,0.0
Meet the Parents Collection,3,1157737569.0,385912523.0
Mega Shark Collection,3,0.0,0.0
Puella Magi Madoka Magica: The Movie,3,12947880.0,4315960.0
Men In Black Collection,3,1655236118.0,551745372.6666666
Joy Ride Collection,3,36642838.0,12214279.333333334
Snow Queen Collection,3,12400000.0,4133333.3333333335
Sometimes They Come Back Collection,3,0.0,0.0
Qatsi Collection,3,2326424.0,775474.6666666666
Ivan Tsarevich & the Grey Wolf Collection,3,27724000.0,9241333.333333334
K-9 Collection,3,78247647.0,26082549.0
Smokey and the Bandit Collection,3,198549004.0,66183001.333333336
Quatermass (Hammer series),3,0.0,0.0
Johan Falk Collection,3,0.0,0.0
Spider-Man Collection,3,2496346518.0,832115506.0
Psycho Collection,3,81206606.0,27068868.666666668
Jarhead Collection,3,96889998.0,32296666.0
Mexico Trilogy,3,125631947.0,41877315.666666664
Prostokvashino Collection,3,0.0,0.0
Poltergeist Collection,3,177340665.0,59113555.0
I Know What You Did Last Summer Collection,3,165588246.0,55196082.0
Super Giant Collection,3,0.0,0.0
Hatchet Collection,3,52604.0,17534.666666666668
Teenage Mutant Ninja Turtles (Original) Collection,3,322000000.0,107333333.33333333
Hellboy (Animated) Collection,3,0.0,0.0
Shaolin Temple Collection,3,19712261.0,6570753.666666667
Mr. Wong Collection,3,0.0,0.0
Tekken Collection,3,967000.0,322333.3333333333
Heart of Gold Collection,3,43842412.0,14614137.333333334
Tenchi Muyô Collection,3,0.0,0.0
Tetsuo Collection,3,0.0,0.0
Kung Fu Panda Collection,3,1818607666.0,606202555.3333334
Pippi Longstocking,3,0.0,0.0
Swan Princess Series,3,9771658.0,3257219.3333333335
"Murder, She Baked Collection",3,0.0,0.0
Major Korenev Trilogy,3,5166340.0,1722113.3333333333
Resident Evil: Biohazard,3,0.0,0.0
Harold & Kumar Collection,3,102817243.0,34272414.333333336
My Little Pony: Equestria Girls Collection,3,0.0,0.0
Per Fly trilogien (Samling),3,0.0,0.0
Pee-wee's Collection,3,56062662.0,18687554.0
That's Entertainment Collection,3,0.0,0.0
The 36th Chamber of Shaolin Collection,3,0.0,0.0
Shark.Attack,3,0.0,0.0
Henry Fool Collection,3,1334786.0,444928.6666666667
Teenage Apocalypse Trilogy,3,27354.0,9118.0
Pitbull - Kolekcja,3,0.0,0.0
Silence of God Trilogy by Ingmar Bergman,3,0.0,0.0
Maniac Cop Collection,3,0.0,0.0
Re-Animator Collection,3,2023414.0,674471.3333333334
Rebuild of Evangelion,3,101873825.0,33957941.666666664
Kizumonogatari,3,0.0,0.0
Hostel Collection,3,116198455.0,38732818.333333336
Taken Collection,3,928743298.0,309581099.3333333
Shiloh Collection,3,0.0,0.0
Tarzan (Animation) Collection,3,448000000.0,149333333.33333334
"Honey, I Shrunk the Kids Collection",3,281386624.0,93795541.33333333
Honey Collection,3,62646763.0,20882254.333333332
Koker Trilogy,3,0.0,0.0
Major League Collection,3,83995773.0,27998591.0
Sharktopus Collection,3,0.0,0.0
"Monsters, Inc. Collection",3,1306375863.0,435458621.0
High School Musical Collection,3,7000000.0,2333333.3333333335
Krrish Collection,3,0.0,0.0
Planet of the Apes (Reboot) Collection,3,1563412714.0,521137571.3333333
Mostly Ghostly Collection,3,0.0,0.0
Housefull Collection,3,0.0,0.0
Flowers in the Attic Collection,3,0.0,0.0
Blair Witch Collection,3,293172994.0,97724331.33333333
Death Race Collection,3,73762516.0,24587505.333333332
Anchorman Collection,3,264223203.0,88074401.0
The Mighty Ducks Collection,3,119317844.0,39772614.666666664
Care Bears Collection,3,2608000.0,869333.3333333334
The Millennium Collection,3,214839043.0,71613014.33333333
Department Q series,3,5900000.0,1966666.6666666667
Anders Matthesen,3,0.0,0.0
Demonic Toys Collection,3,0.0,0.0
The Mummy Collection,3,1250027401.0,416675800.3333333
Trilogy of Life,3,0.0,0.0
The Musketeers Collection,3,0.0,0.0
The Ouija Experiment Collection,3,0.0,0.0
Death Note Collection,3,108734800.0,36244933.333333336
Carnosaur Collection,3,1753979.0,584659.6666666666
The Neverending Story Collection,3,36442475.0,12147491.666666666
Dead or Alive Collection,3,0.0,0.0
Walking Tall Collection,3,57223890.0,19074630.0
Cars Collection,3,1372005602.0,457335200.6666667
Blade Collection,3,415098928.0,138366309.33333334
Cat Stevens y Hutch Bessy Trilogy,3,0.0,0.0
The One-Armed Swordsman Collection,3,0.0,0.0
Design Trilogy,3,0.0,0.0
War Trilogy,3,0.0,0.0
The Three Mothers Collection,3,54947.0,18315.666666666668
Barrytown Trilogy,3,0.0,0.0
Divergent Collection,3,763232964.0,254410988.0
Trilogie,3,0.0,0.0
The Lord of the Rings Animated Collection,3,30471420.0,10157140.0
When a Stranger Calls Collection,3,66966987.0,22322329.0
Balto Collection,3,11348324.0,3782774.6666666665
Candyman Collection,3,39732693.0,13244231.0
Cannonball Run Collection,3,103335013.0,34445004.333333336
The Man With No Name Collection,3,35500000.0,11833333.333333334
Dhoom Series,3,149396427.0,49798809.0
The Trip Collection,3,951179.0,317059.6666666667
The Man from U.N.C.L.E. Collection,3,0.0,0.0
Captain America Collection,3,2238640841.0,746213613.6666666
Dexter Riley Collection,3,0.0,0.0
Alpha and Omega Collection,3,39300000.0,13100000.0
Batman (DC Universe Animated) Collection,3,5617391.0,1872463.6666666667
Basket Case Collection,3,0.0,0.0
The Matrix Collection,3,1627105295.0,542368431.6666666
The Matt Helm Collection,3,18718124.0,6239374.666666667
Warlock Collection,3,0.0,0.0
The Orphic Trilogy,3,0.0,0.0
Darkman Collection,3,48878502.0,16292834.0
The Little Mermaid Collection,3,222300000.0,74100000.0
The Sandlot Collection,3,32416586.0,10805528.666666666
Urban Legend,3,111101957.0,37033985.666666664
Crocodile Dundee Collection,3,607248390.0,202416130.0
Creepshow Collection,3,35028755.0,11676251.666666666
Creature From The Black Lagoon (Universal Series),3,1300000.0,433333.3333333333
The Ring Collection,3,493881361.0,164627120.33333334
Austin Powers Collection,3,675279506.0,225093168.66666666
Unoffical Ghosthouse Series,3,0.0,0.0
The Sabata Collection,3,0.0,0.0
The Smurfs (Theatrical) Collection,3,1108367047.0,369455682.3333333
The Slumber Party Massacre Collection,3,0.0,0.0
Anne of Green Gables Collection,3,0.0,0.0
Cinderella Collection,3,263591415.0,87863805.0
Conan the Barbarian Collection,3,186062718.0,62020906.0
The Santa Clause Collection,3,447188544.0,149062848.0
Cold Prey Collection,3,0.0,0.0
Cocaine Cowboys,3,163000.0,54333.333333333336
Back to the Future Collection,3,957637345.0,319212448.3333333
Bad Ass Collection,3,0.0,0.0
The Skulls Collection,3,35007180.0,11669060.0
Ukraine Trilogy,3,0.0,0.0
V/H/S Collection,3,124934.0,41644.666666666664
Arthur and the Invisibles Collection,3,107944236.0,35981412.0
Crows Collection,3,0.0,0.0
Cruel Intentions Collection,3,75902208.0,25300736.0
Annika Bengtzon Collection,3,0.0,0.0
Varg Veum Collection,3,0.0,0.0
Barbie Fairytopia Collection,3,0.0,0.0
Center Stage Collection,3,17200925.0,5733641.666666667
The Philadelphia Experiment - Collezione,3,2970.0,990.0
Appleseed Collection,3,1461989.0,487329.6666666667
The Substitute Collection,3,0.0,0.0
Trilogía de la violencia de Michael Haneke,3,0.0,0.0
The Prince & Me Collection,3,0.0,0.0
Vampire Karnstein (Hammer series),3,0.0,0.0
Charlie Chan (Roland Winters) Collection,3,0.0,0.0
Cyborg Collection,3,10166459.0,3388819.6666666665
Armour of God Collection,3,0.0,0.0
Barbershop Collection,3,195882105.0,65294035.0
Troll Collection,3,5450815.0,1816938.3333333333
Vabank (Collection),3,0.0,0.0
The Purge Collection,3,316699354.0,105566451.33333333
Curious George Collection,3,69834815.0,23278271.666666668
Cube Collection,3,501818.0,167272.66666666666
Batman Unlimited Collection,3,0.0,0.0
The Lord of the Rings Collection,3,2916544743.0,972181581.0
The Librarian Collection,3,0.0,0.0
Evil Dead Collection,3,35323044.0,11774348.0
The Gods Must Be Crazy Collection,3,60000000.0,20000000.0
The Good Witch Collection,3,0.0,0.0
A Chinese Ghost Story Collection,3,0.0,0.0
Xtro Collection,3,0.0,0.0
A Golden Christmas Collection,3,0.0,0.0
Would I Lie to You? Collection,3,113080982.0,37693660.666666664
The Grudge Collection,3,261228450.0,87076150.0
The Gruffalo Collection,3,0.0,0.0
Big Momma's House Collection,3,395833914.0,131944638.0
Witchboard Collection,3,168180.0,56060.0
The Yes Men Collection,3,0.0,0.0
Europa Trilogy,3,0.0,0.0
Don Camillo Collection,3,0.0,0.0
Wong Kar-Wai's Informal Collection,3,32268129.0,10756043.0
The Worricker Collection,3,0.0,0.0
Beverly Hills Cop Collection,3,735534503.0,245178167.66666666
Ace Ventura Collection,3,319602929.0,106534309.66666667
Enter the Ninja Collection,3,13168027.0,4389342.333333333
A Better Tomorrow Collection,3,4469460.0,1489820.0
The Godfather Collection,3,429375314.0,143125104.66666666
The Gingerdead Man Collection,3,0.0,0.0
Bikini Summer Collection,3,0.0,0.0
男はつらいよ シリーズ,3,0.0,0.0
Black Scorpion Collection,3,0.0,0.0
Tiny Times Collection,3,126.0,42.0
The Expendables Collection,3,793216361.0,264405453.66666666
Самый лучший фильм - Коллекция,3,9816332.0,3272110.6666666665
BloodRayne Collection,3,2405420.0,801806.6666666666
Feast Collection,3,658573.0,219524.33333333334
12 Rounds Collection,3,17280326.0,5760108.666666667
Three Colors Collection,3,0.0,0.0
xXx Collection,3,694669972.0,231556657.33333334
20th Century Boys Collection,3,31244858.0,10414952.666666666
The Fly (1958 series),3,3000000.0,1000000.0
Zorro Collection,3,392688588.0,130896196.0
Thou Shalt Laugh Collection,3,0.0,0.0
Zenon Collection,3,0.0,0.0
Fantomas Collection,3,0.0,0.0
Zeitgeist Collection,3,0.0,0.0
The Work and the Glory Collection,3,6697771.0,2232590.3333333335
The Hangover Collection,3,1075726677.0,358575559.0
Class of 1999 Collection,3,2459895.0,819965.0
Beverly Hills Chihuahua Collection,3,161281606.0,53760535.333333336
Aladdin Collection,3,504050219.0,168016739.66666666
Topper Collection,3,0.0,0.0
Dungeons & Dragons Collection,3,15185241.0,5061747.0
Wild Things Collection,3,67200000.0,22400000.0
Dumb and Dumber Collection,3,456379899.0,152126633.0
The Vengeance Collection,3,40738250.0,13579416.666666666
Before... Collection,3,32704489.0,10901496.333333334
The Hobbit Collection,3,2935523356.0,978507785.3333334
Drunken Master Collection,3,0.0,0.0
Toy Story Collection,3,1937890605.0,645963535.0
The Klapisch Trilogy,3,27625100.0,9208366.666666666
Alex Cross Collection,3,196059666.0,65353222.0
All Dogs Go to Heaven Collection,3,35720705.0,11906901.666666666
Dracula 2000 Collection,3,33000337.0,11000112.333333334
Berserk: Golden Age Arc,3,0.0,0.0
Easy Money Collection,3,0.0,0.0
The Incredible Hulk (TV Movie) Collection,3,0.0,0.0
Aki Kaurismäki's Finland trilogy,3,1615018.0,538339.3333333334
The Wolverine Collection,3,1405305345.0,468435115.0
The Human Centipede Collection,3,0.0,0.0
Whispering Corridors Collection,3,0.0,0.0
Elements Trilogy,3,11452892.0,3817630.6666666665
Addams Family Collection,3,240421469.0,80140489.66666667
The Human Condition,3,0.0,0.0
Witch Mountain Collection,3,36393000.0,12131000.0
Willard,3,0.0,0.0
Winnie-the-Pooh (Russian),3,0.0,0.0
Whistling Collection,3,0.0,0.0
Bridget Jones Collection,3,534085235.0,178028411.66666666
Trilogia Zé do Caixão,3,0.0,0.0
Alienation Trilogy,3,0.0,0.0
Trainspotting Collection,2,57903789.0,28951894.5
Running Out Of Time Collection,2,0.0,0.0
Twitches Collection,2,0.0,0.0
"To Sir, with Love Collection",2,0.0,0.0
Ringo Collection,2,0.0,0.0
Save The Last Dance Collection,2,91038276.0,45519138.0
Trapped in the Closet,2,0.0,0.0
Rio Collection,2,984824195.0,492412097.5
SPL Collection,2,0.0,0.0
Ride Along Collection,2,278825135.0,139412567.5
Rocky Horror Collection,2,112892319.0,56446159.5
Saturday Night Fever Collection,2,302005854.0,151002927.0
Saheb Biwi Aur Gangster Collection,2,0.0,0.0
Sammy's Adventure Collection,2,0.0,0.0
Romancing the Stone Collection,2,183345438.0,91672719.0
Tooth Fairy Collection,2,112462508.0,56231254.0
Trilogy of Terror Collection,2,0.0,0.0
Trilogía Sollima,2,0.0,0.0
Tomb Raider Collection,2,431208728.0,215604364.0
Rosemary's Baby Collection,2,33395426.0,16697713.0
Santa Baby Collection,2,0.0,0.0
Trylogia Sienkiewicza,2,0.0,0.0
Santas Paw,2,0.0,0.0
Torchy Blane,2,0.0,0.0
Robert,2,0.0,0.0
Trilogy Marseillaise,2,0.0,0.0
Tom Thorne Collection,2,0.0,0.0
Sarkar Collection,2,5900000.0,2950000.0
Tognazzi & Vianello Collection,2,0.0,0.0
Road Trip Collection,2,119754278.0,59877139.0
Turbulence Collection,2,11466088.0,5733044.0
The Emigrants Collection,2,0.0,0.0
USA: Land of Opportunities Collection,2,17355754.0,8677877.0
Pet Sematary Collection,2,74561920.0,37280960.0
Without a Paddle Collection,2,69631118.0,34815559.0
Witchcraft Collection,2,0.0,0.0
Winnetou Collection,2,0.0,0.0
Parasyte Collection,2,0.0,0.0
Patlabor Collection,2,0.0,0.0
Penitenciaría - Colección,2,0.0,0.0
Percy Jackson Collection,2,401075960.0,200537980.0
Peter Pan Collection,2,197267333.0,98633666.5
Wolf Creek Collection,2,37393092.0,18696546.0
Philo & Clyde Collection,2,70687429.0,35343714.5
Philo Vance Collection,2,0.0,0.0
Phobia Collection,2,0.0,0.0
Why Did I Get Married Collection,2,115257317.0,57628658.5
White Noise Collection,2,91196419.0,45598209.5
Piranha 3D Collection,2,91681893.0,45840946.5
White Fang Collection,2,34793160.0,17396580.0
Wizards of Waverly Place Collection,2,0.0,0.0
Panda! Go Panda! Collección,2,0.0,0.0
Ultimate Avengers Collection,2,14600000.0,7300000.0
Zoolander Collection,2,116749981.0,58374990.5
On Any Sunday Collection,2,0.0,0.0
Что Творят мужчины! (Коллекция),2,0.0,0.0
Облако-рай (Коллекция),2,0.0,0.0
Ирония судьбы (Коллекция),2,55635037.0,27817518.5
ДухLess (Коллекция),2,13218980.0,6609490.0
Onomichi Trilogy,2,0.0,0.0
Open Water Collection,2,54667954.0,27333977.0
Zapped Collection,2,0.0,0.0
World of Watches Collection,2,70862717.0,35431358.5
Ouija Collection,2,185296017.0,92648008.5
Our Man Flint Collection,2,0.0,0.0
Young Guns Collection,2,44726644.0,22363322.0
Yossi Collection,2,116207.0,58103.5
Outrage Collection,2,0.0,0.0
"Pagnol, Childhood's Memories",2,0.0,0.0
Painted Skin Collection,2,0.0,0.0
Piranha Collection,2,0.0,0.0
Pitch Perfect Collection,2,402856620.0,201428310.0
Planes Collection,2,370954499.0,185477249.5
Race Collection,2,0.0,0.0
Pumping Iron Collection,2,0.0,0.0
Pumpkinhead Collection,2,4385516.0,2192758.0
Vampires Collection,2,0.0,0.0
Vampire Hunter D Collection,2,0.0,0.0
Quarantine Collection,2,40855419.0,20427709.5
Vacancy Collection,2,35300645.0,17650322.5
RED Collection,2,71664962.0,35832481.0
V: The Collection,2,0.0,0.0
What the Bleep! Collection,2,10138913.0,5069456.5
Unstable Fables Collection,2,0.0,0.0
Red Cliff Collection,2,248873834.0,124436917.0
Reeker Collection,2,0.0,0.0
Unna Trilogie,2,0.0,0.0
Under Siege Collection,2,260887222.0,130443611.0
Un éléphant ça trompe énormément,2,0.0,0.0
Rest Stop Collection,2,0.0,0.0
Vampires Suck Collection,2,80547866.0,40273933.0
Van Helsing Collection,2,300257475.0,150128737.5
Pulse Collection,2,29907685.0,14953842.5
Psy Collection,2,0.0,0.0
Westworld Collection,2,0.0,0.0
Weekend at Bernie's Collection,2,30218387.0,15109193.5
Pocahontas Collection,2,346079773.0,173039886.5
We Were Here,2,0.0,0.0
We Are From The Future Collection,2,8910819.0,4455409.5
Wayne's World Collection,2,169662323.0,84831161.5
WarGames Collection,2,79567667.0,39783833.5
War of the Worlds Collection,2,0.0,0.0
Power Rangers Collection,2,83979739.0,41989869.5
Wallander (Rolf Lassgård),2,0.0,0.0
Wall Street Collection,2,178596090.0,89298045.0
Project A Collection,2,0.0,0.0
Walking Tall Original Collection,2,0.0,0.0
Prometheus Collection,2,635550385.0,317775192.5
Prudence et Bélisaire Beresford Collection,2,0.0,0.0
Waiting Collection,2,18637690.0,9318845.0
Sinister Collection,2,130594457.0,65297228.5
Timecop Collection,2,101646581.0,50823290.5
The Lone Ranger (Clayton Moore) Collection,2,0.0,0.0
The Lego Movie Collection,2,781111076.0,390555538.0
The Legend Collection,2,6924581.0,3462290.5
The Lawnmower Man Collection,2,34510225.0,17255112.5
The Amazing Colossal Man Duology,2,0.0,0.0
The Amazing Spider-Man Collection,2,1457933289.0,728966644.5
The Last Picture Show Collection,2,29133000.0,14566500.0
The Last Exorcism Collection,2,82917392.0,41458696.0
The Angel Collection,2,0.0,0.0
The Apple Dumpling Gang Collection,2,0.0,0.0
The Are We Collection,2,97918663.0,48959331.5
The Arrival Collection,2,14048372.0,7024186.0
The Kingdom,2,0.0,0.0
The Aum Shinrikyo Collection,2,0.0,0.0
The Avengers Collection,2,2924961604.0,1462480802.0
The Jungle Book Collection,2,341523612.0,170761806.0
The Jake Gittes Collection,2,40000000.0,20000000.0
The Best Man Collection,2,106198975.0,53099487.5
The Bill Douglas Trilogy,2,0.0,0.0
The Black Stallion Collection,2,47599643.0,23799821.5
The Little Polar Bear Collection,2,0.0,0.0
Texas Chainsaw (Reboot) Collection,2,107071655.0,53535827.5
The Inbetweeners Collection,2,88025781.0,44012890.5
The Lost Skeleton Collection,2,0.0,0.0
The Nutty Professor Collection,2,252077290.0,126038645.0
Tangled Collection,2,591794936.0,295897468.0
Tanu Weds Manu Collection,2,252000.0,126000.0
Tarzan (Gordon Scott series),2,0.0,0.0
Tarzan (Lex Barker series),2,0.0,0.0
The Moment After Collection,2,0.0,0.0
Ted Collection,2,766390903.0,383195451.5
Teen Beach Collection,2,0.0,0.0
Teen Titans Collection,2,0.0,0.0
Teen Wolf Collection,2,0.0,0.0
The Messengers Collection,2,1109660.0,554830.0
The Mesrine Collection,2,31055440.0,15527720.0
The Maze Runner Collection,2,659576787.0,329788393.5
Teenage Mutant Ninja Turtles (Remake) Collection,2,722823848.0,361411924.0
The Mask Collection,2,351583407.0,175791703.5
The Man with the Iron Fists Collection,2,15608545.0,7804272.5
Ten Minutes Older... (Collection),2,0.0,0.0
Tengen Toppa Gurren Lagann Collection,2,0.0,0.0
The Man From Snowy River Collection,2,20659423.0,10329711.5
The Blob Collection,2,0.0,0.0
The Hustler Collection,2,59893982.0,29946991.0
Tai Chi Collection,2,0.0,0.0
The Conjuring Collection,2,638170149.0,319085074.5
The Crossing Collection,2,0.0,0.0
The Gidget Collection,2,0.0,0.0
The Gate Collection,2,0.0,0.0
The Fugitive / U.S. Marshals Collection,2,471243165.0,235621582.5
The Fox and the Hound Collection,2,29800000.0,14900000.0
The Foreigner Collection,2,0.0,0.0
The Fly Collection,2,99532338.0,49766169.0
The Dead Collection,2,0.0,0.0
The Flintstones (Live-Action) Collection,2,401099483.0,200549741.5
The Decline of Western Civilization Collection,2,0.0,0.0
The Flicka Collection,2,0.0,0.0
The Dentist Collection,2,0.0,0.0
The Descent Collection,2,0.0,0.0
The Female Prisoner Series,2,0.0,0.0
Olympia,2,0.0,0.0
The Falcon Series,2,0.0,0.0
The Endless Summer Collection,2,0.0,0.0
The Emperor's New Groove Collection,2,169327687.0,84663843.5
The Dukes Of Hazzard Collection,2,110803676.0,55401838.0
The Crimson Rivers Collection,2,0.0,0.0
The Condemned Collection,2,8642858.0,4321429.0
The Huntsman Collection,2,561202163.0,280601081.5
The Comics Collection,2,0.0,0.0
The Hunters Collection,2,0.0,0.0
The Blues Brothers Collection,2,129281274.0,64640637.0
The Hunchback of Notre Dame Collection,2,100138851.0,50069425.5
The Boondock Saints Collection,2,10659792.0,5329896.0
The Hitcher (1986) Collection,2,5844868.0,2922434.0
The Hills Have Eyes (Reboot) Collection,2,69623713.0,34811856.5
The Hills Have Eyes (Original) Collection,2,25000000.0,12500000.0
The Brady Bunch Collection,2,0.0,0.0
The Haunting in Connecticut Collection,2,77527732.0,38763866.0
The Happy Hooker Collection,2,0.0,0.0
The Bremen Town Musicians (Collection),2,0.0,0.0
The Bridge,2,0.0,0.0
The Hamiltons Collection,2,0.0,0.0
The Guyver Collection,2,0.0,0.0
The Cell Collection,2,104155843.0,52077921.5
The Gremlins Collection,2,194565309.0,97282654.5
The Collector Collection,2,120842058.0,60421029.0
The Gorky Collection,2,0.0,0.0
The Comedians Of Comedy Collection,2,0.0,0.0
The Odd Couple Collection,2,44527234.0,22263617.0
TRON Collection,2,433062763.0,216531381.5
Thunderbirds (Animation) Collection,2,0.0,0.0
Sherlock Holmes Collection,2,858643679.0,429321839.5
The Vampire Chronicles,2,269143718.0,134571859.0
Short Circuit Collection,2,62327849.0,31163924.5
The Underdog Knight Collection,2,0.0,0.0
The Ultimate Collection,2,0.0,0.0
The Twins Effect Collection,2,0.0,0.0
Silent Hill Collection,2,149910249.0,74955124.5
Sin City Collection,2,198141436.0,99070718.0
Singham Collection,2,25034000.0,12517000.0
Single White Female Collection,2,48017402.0,24008701.0
The Durango Kid,2,0.0,0.0
Sister Act Collection,2,288924179.0,144462089.5
The Three Brothers Collection,2,0.0,0.0
Ski School Collection,2,0.0,0.0
The Thing Collection,2,47758430.0,23879215.0
Sleuth Collection,2,342835.0,171417.5
The Tall Blond Man Collection,2,0.0,0.0
Smokin' Aces Collection,2,57103895.0,28551947.5
The Streetfighter Collection,2,0.0,0.0
The Sting Collection,2,165963399.0,82981699.5
Sherlock Holmes: The Golden Years Collection,2,0.0,0.0
The War of Flower Collection,2,0.0,0.0
The Spiders Serial,2,0.0,0.0
She Collection,2,0.0,0.0
Thumbs! Collection,2,0.0,0.0
Three Steps Above Heaven Collection,2,0.0,0.0
Screamers Collection,2,5781885.0,2890942.5
Thor Collection,2,1093898020.0,546949010.0
Scuola di ladri - Collezione,2,0.0,0.0
See No Evil Collection,2,0.0,0.0
Seven Dwarfs Collection,2,0.0,0.0
Seventh Company Collection,2,0.0,0.0
Sex and Zen Collection,2,396003.0,198001.5
Think Like a Man Collection,2,166251935.0,83125967.5
Sex and the City Collection,2,703600478.0,351800239.0
Shadow Boxing Collection,2,19434733.0,9717366.5
The X-Files Collection,2,257567747.0,128783873.5
Shanghai Noon Collection,2,145255792.0,72627896.0
The Woman in Black Collection,2,154232059.0,77116029.5
The Wog Boy Collection,2,0.0,0.0
The Wild Geese Collection,2,0.0,0.0
The Whole Nine/Ten Yards Collection,2,132527432.0,66263716.0
The Water of the Hills Collection,2,0.0,0.0
The Stepfather Collection,2,1519796.0,759898.0
The Space Odyssey Series,2,109100657.0,54550328.5
Síť (kolekce),2,110627965.0,55313982.5
The Raid Collection,2,6732396.0,3366198.0
State Property Collection,2,3798544.0,1899272.0
Steal This Film Collection,2,0.0,0.0
Stepford Collection,2,0.0,0.0
The Protector Collection,2,30468044.0,15234022.0
Stir of Echoes Collection,2,21133087.0,10566543.5
Stray Cat Rock Collection,2,0.0,0.0
Street Fighter,2,112187722.0,56093861.0
The Princess Diaries Collection,2,260484588.0,130242294.0
Street Kings Collection,2,65569869.0,32784934.5
The President's Man Collection,2,0.0,0.0
The Poseidon Adventure Collection,2,84563118.0,42281559.0
The Pink Panther (Steve Martin) Collection,2,75871032.0,37935516.0
Sugata Sanshirō Collection,2,0.0,0.0
Sunes samtliga Resor,2,0.0,0.0
The Party Collection,2,0.0,0.0
The Paleface Collection,2,0.0,0.0
Superman / Batman (Animated) Collection,2,0.0,0.0
The Pact Collection,2,0.0,0.0
Swamp Thing Collection,2,192816.0,96408.0
Star Wars: The Ewok Adventures Collection,2,0.0,0.0
The Rescuers Collection,2,118647330.0,59323665.0
The Sorority House Massacre Collection,2,0.0,0.0
The Riffs Trilogy,2,0.0,0.0
Snow Collection,2,0.0,0.0
Space Chimps Collection,2,63800345.0,31900172.5
Space Dogs,2,6500000.0,3250000.0
The Sisterhood of the Traveling Pants Collection,2,83405478.0,41702739.0
The Sheriff and the Satellite Kid Collection,2,0.0,0.0
Speed Collection,2,514956211.0,257478105.5
The Shaggy Dog Collection,2,0.0,0.0
Spiders - Collection,2,0.0,0.0
The Shadow Collection,2,48063435.0,24031717.5
The Sentimental Swordsman Collection,2,0.0,0.0
The Secret Of NIMH Collection,2,14665733.0,7332866.5
Splash Collection,2,69821334.0,34910667.0
SpongeBob Collection,2,451755824.0,225877912.0
The Secret Garden Collection,2,0.0,0.0
Stake Land Collection,2,33245.0,16622.5
Stakeout Collection,2,0.0,0.0
The Saint Collection,2,118063304.0,59031652.0
Star Crash Collection,2,0.0,0.0
The Rutles Collection,2,0.0,0.0
Omega Code Series,2,2400000.0,1200000.0
... Has Fallen Collection,2,366780087.0,183390043.5
식객 시리즈,2,0.0,0.0
Born To Race Collection,2,0.0,0.0
Goon Collection,2,6483963.0,3241981.5
Bon Cop Bad Cop Collection,2,12671300.0,6335650.0
Gor Collection,2,0.0,0.0
Grave Encounters Collection,2,0.0,0.0
Grease Collection,2,196985246.0,98492623.0
Grey Gardens Collection,2,0.0,0.0
Grindhouse Collection,2,25037897.0,12518948.5
Grown Ups Collection,2,518414467.0,259207233.5
Blue Crush Collection,2,51842679.0,25921339.5
Grumpy Old Men Collection,2,0.0,0.0
Guardians of the Galaxy Collection,2,1636744770.0,818372385.0
Guinea Pig Collection,2,0.0,0.0
Blue Collar Comedy Tour Collection,2,604856.0,302428.0
Gwendolyn Shepherd Collection,2,0.0,0.0
Half Past Dead Collection,2,0.0,0.0
Bleach (Collection),2,0.0,0.0
Halloween (Rob Zombie Series) Collection,2,119675375.0,59837687.5
Happily N'Ever After Collection,2,38085778.0,19042889.0
Happy Feet Collection,2,534742074.0,267371037.0
"Hard Revenge, Milly Collection",2,0.0,0.0
Hard Target Collection,2,74189677.0,37094838.5
Hardbodies Collection,2,0.0,0.0
Hate Story Collection,2,0.0,0.0
Blacula Collection,2,0.0,0.0
Havoc Collection,2,0.0,0.0
Born Free Trilogy,2,0.0,0.0
God's Not Dead Collection,2,53296567.0,26648283.5
Jingle All the Way Collection,2,129832389.0,64916194.5
Borsalino Collection,2,3.0,1.5
Fright Night Collection,2,27906021.0,13953010.5
Fritz the Cat Collection,2,0.0,0.0
Frosty the Snowman Collection,2,0.0,0.0
Frozen Collection,2,1274219009.0,637109504.5
Fubar Collection,2,0.0,0.0
Fuga de cerebros - Collection,2,0.0,0.0
Fullmetal Alchemist Collection,2,7401480.0,3700740.0
G.I. Joe (Live-Action) Collection,2,674345295.0,337172647.5
Brother Bear Collection,2,0.0,0.0
Brooklyn Cigar Store Collection,2,9624430.0,4812215.0
Gamma One Collection,2,0.0,0.0
Brice Collection,2,0.0,0.0
Breakin' Collection,2,0.0,0.0
Gantz Collection,2,0.0,0.0
Brancaleone Collection,2,1314230.0,657115.0
Garfield Collection,2,342506798.0,171253399.0
Garfield Holiday Celebrations,2,0.0,0.0
Gasland Collection,2,0.0,0.0
Boys Love Collection,2,0.0,0.0
Gator Collection,2,0.0,0.0
George of the Jungle Collection,2,0.0,0.0
Get Smart Collection,2,0.0,0.0
Ghost Rider Collection,2,377955748.0,188977874.0
Ghost in the Shell: Stand Alone Complex,2,0.0,0.0
Girl's on Top Collection,2,0.0,0.0
"Heaven, Hell and Purgatory Collection",2,0.0,0.0
Heavy Metal Collection,2,0.0,0.0
Birdemic Collection,2,0.0,0.0
Hellboy Collection,2,259707050.0,129853525.0
Battlestar Galactica (Reboot) Collection,2,0.0,0.0
Battle Royale Collection,2,25000000.0,12500000.0
How to Train Your Dragon Collection,2,1104001807.0,552000903.5
I Am Curious Collection,2,0.0,0.0
Batman: The Dark Knight Returns Collection,2,0.0,0.0
Batman Beyond Collection,2,0.0,0.0
Daffy Duck Movie Collection,2,0.0,0.0
If I Were You Collection,2,0.0,0.0
If These Walls Could Talk Collection,2,0.0,0.0
Barefoot Gen Collection,2,0.0,0.0
Barbie Mariposa Collection,2,0.0,0.0
Barbie A Mermaid Tale Collection,2,31930745.0,15965372.5
Barbarian Queen Collection,2,0.0,0.0
"Impy, the small dinosaur Collection",2,0.0,0.0
In China They Eat Dogs Collection,2,0.0,0.0
Independence Day Collection,2,1206651203.0,603325601.5
Inoshika Ocho series,2,0.0,0.0
Inspector Gadget Collection,2,0.0,0.0
Into the Blue Collection,2,44434439.0,22217219.5
Bananas!* Collection,2,0.0,0.0
Ironclad Collection,2,0.0,0.0
Bambi Collection,2,267447150.0,133723575.0
Ivan The Terrible Collection,2,0.0,0.0
Jack Frost Collection,2,0.0,0.0
Jack Reacher Collection,2,380486671.0,190243335.5
Beastmaster Collection,2,14925853.0,7462926.5
Beauty and the Beast Collection,2,377350553.0,188675276.5
House on Haunted Hill Collection,2,40846082.0,20423041.0
Bill & Ted's Most Excellent Collection,2,40485039.0,20242519.5
Henry: Portrait of a Serial Killer Collection,2,0.0,0.0
Hera Pheri Collection,2,0.0,0.0
Hercules (Lou Ferrigno) Collection,2,10676194.0,5338097.0
Herr Lehmann Filmreihe,2,0.0,0.0
Hidden Collection,2,0.0,0.0
Billa Collection,2,0.0,0.0
Hitman Collection,2,181933203.0,90966601.5
Hollow Man Collection,2,190213455.0,95106727.5
Homeward Bound Collection,2,32709423.0,16354711.5
Hoodwinked! Collection,2,64575616.0,32287808.0
Hooked Collection,2,5998765.0,2999382.5
Hornblower Collection,2,0.0,0.0
House of the Dead Collection,2,13818181.0,6909090.5
Horrible Bosses Collection,2,224670357.0,112335178.5
Big Man Collection,2,0.0,0.0
Bhoothnath Collection,2,0.0,0.0
Best of the Best Collection,2,6500000.0,3250000.0
Hot Shots! Collection,2,314848989.0,157424494.5
Best Exotic Marigold Hotel Collection,2,222814422.0,111407211.0
Hot Tub Time Machine Collection,2,76886913.0,38443456.5
Benvenuti al... Collection,2,100584679.0,50292339.5
Hotel Transylvania Collection,2,831602561.0,415801280.5
Belle et Sébastien,2,0.0,0.0
House of 1000 Corpses Collection,2,16829545.0,8414772.5
Fright Night (Reboot) Collection,2,24922237.0,12461118.5
French Connection Collection,2,53643201.0,26821600.5
Brother Collection,2,0.0,0.0
El pico - Colección,2,2264522.0,1132261.0
Dick Tracy 1940s Collection,2,0.0,0.0
Die Fritz Lang Indien-Edition,2,0.0,0.0
Count Yorga Collection,2,0.0,0.0
Die Nibelungen Collection,2,0.0,0.0
Contracted Collection,2,0.0,0.0
Dirty Dancing Collection,2,241639290.0,120819645.0
District 13 Collection,2,18370506.0,9185253.0
Django - Original films,2,17277.0,8638.5
Dolemite Collection,2,0.0,0.0
Dolphin Tale Collection,2,147828930.0,73914465.0
Don Collection,2,0.0,0.0
Cocoon Collection,2,110338043.0,55169021.5
Cloudy with a Chance of Meatballs Collection,2,491373087.0,245686543.5
Dorm Daze Collection,2,263941.0,131970.5
Dr Goldfoot Collection,2,0.0,0.0
Clint Eastwood's Iwo Jima Collection,2,134573477.0,67286738.5
Dr. Phibes Collection,2,0.0,0.0
Dr. Who Collection,2,0.0,0.0
Clerks Collection,2,30039506.0,15019753.0
Dream a Little Dream Collection,2,0.0,0.0
Clash of the Titans Collection,2,533713139.0,266856569.5
City Slickers Collection,2,179033791.0,89516895.5
East is East Collection,2,32067000.0,16033500.0
Circuitry Man Collection,2,0.0,0.0
Eddie and the Cruisers Collection,2,4786789.0,2393394.5
Cowgirls n' Angels Collection,2,120680.0,60340.0
Dhamaal Collection,2,0.0,0.0
Crank Collection,2,77491618.0,38745809.0
Cyborg Cop Trilogy,2,0.0,0.0
Dark Woods Collection,2,0.0,0.0
Dark World Collection,2,2118871.0,1059435.5
Darko Collection,2,5370522.0,2685261.0
Das Sams Collection,2,0.0,0.0
Davy Crockett Collection,2,0.0,0.0
Dead Rising Collection,2,0.0,0.0
Dead Snow Collection,2,2022135.0,1011067.5
Dead Space Collection,2,0.0,0.0
Daddy Day Camp Collection,2,182631265.0,91315632.5
Dabangg Collection,2,0.0,0.0
DC Super Hero Girls Collection,2,0.0,0.0
Death Race Original Collection,2,8000000.0,4000000.0
Deuce Bigalow Collection,2,87935221.0,43967610.5
Decoys Collection,2,0.0,0.0
Demetrius Filmreihe,2,36000000.0,18000000.0
Demons Collection,2,0.0,0.0
Dennis the Menace Collection,2,117270765.0,58635382.5
Descendants Collection,2,0.0,0.0
"Crouching Tiger, Hidden Dragon Collection",2,213525736.0,106762868.0
Detective Collection,2,0.0,0.0
Detective Conan Collection,2,0.0,0.0
Detective Dee Collection,2,124011068.0,62005534.0
Detective K Collection,2,0.0,0.0
Cross of Iron Collection,2,0.0,0.0
Eden of the East Collection,2,0.0,0.0
Election Collection,2,0.0,0.0
Freeway Collection,2,0.0,0.0
Elektra Luxx Collection,2,18107.0,9053.5
Cardcaptor Sakura Collection,2,0.0,0.0
Father of the Bride Collection,2,165904691.0,82952345.5
Captain Harlock Collection,2,17137302.0,8568651.0
Fearless Hyena Collection,2,0.0,0.0
Captain America 1979 Classic Collection,2,0.0,0.0
Feluda Collection,2,0.0,0.0
FernGully Collection,2,32710894.0,16355447.0
Fifty Shades Collection,2,949833622.0,474916811.0
Fimfárum (kolekce),2,0.0,0.0
Camp Rock Collection,2,0.0,0.0
Finding Nemo Collection,2,1968906425.0,984453212.5
Firestarter Collection,2,17080167.0,8540083.5
Calcutta Trilogy,2,0.0,0.0
Fletch Collection,2,94763848.0,47381924.0
Caddyshack Collection,2,39846344.0,19923172.0
Caballeros Collection,2,0.0,0.0
C.H.U.D. Collection,2,3412497.0,1706248.5
Flubber Collection,2,0.0,0.0
Flying Guillotine Collection,2,0.0,0.0
Burnt by the Sun Trilogy,2,2616503.0,1308251.5
Burnout Collection,2,0.0,0.0
Bummer Collection,2,1600000.0,800000.0
Fortress Collection,2,6739141.0,3369570.5
Bullit & Riper Collection,2,0.0,0.0
Bulldog Drummond (Richard Johnson) Collection,2,0.0,0.0
Carmina - Colección,2,0.0,0.0
Carrie Collection,2,51562705.0,25781352.5
Cat People Collection,2,4000000.0,2000000.0
Evil Bong Collection,2,0.0,0.0
Elite Squad Collection,2,63027681.0,31513840.5
Elizabeth Collection,2,156388205.0,78194102.5
Elling Collection,2,0.0,0.0
Emil i Lönneberga,2,0.0,0.0
Chili Palmer Collection,2,210327738.0,105163869.0
Cheaper by the Dozen Collection,2,319393943.0,159696971.5
Epoch Collection,2,0.0,0.0
Erkan & Stefan Filmreihe,2,4508104.0,2254052.0
Che Collection,2,0.0,0.0
Escape From ... Collection,2,92522065.0,46261032.5
Evangelion Collection,2,20000000.0,10000000.0
Charlotte's Web Collection,2,0.0,0.0
"Fat, Sick & Nearly Dead",2,0.0,0.0
Eye of the Dolphin Collection,2,71904.0,35952.0
"F*ck You, Goethe Collection",2,83027924.0,41513962.0
Charlie's Angels Collection,2,523281333.0,261640666.5
F/X Collection,2,20603715.0,10301857.5
Family Guy Presents Collection,2,0.0,0.0
Fanny Brice Collection,2,52223306.0,26111653.0
Fantasia Collection,2,174194570.0,87097285.0
Fantastic Four Collection,2,619627482.0,309813741.0
Cetto La Qualunque - Collezione,2,8927600.0,4463800.0
Cats & Dogs Collection,2,205858915.0,102929457.5
Cat Run Collection,2,0.0,0.0
Jeepers Creepers Collection,2,122320455.0,61160227.5
Basic Instinct Collection,2,391556702.0,195778351.0
Joe Dirt Collection,2,30987695.0,15493847.5
Manuale d'amore - Collezione,2,0.0,0.0
Airplane Collection,2,110604073.0,55302036.5
Agent Cody Banks Collection,2,87614809.0,43807404.5
Madicken,2,0.0,0.0
Afro Samurai Collection,2,0.0,0.0
Magic Mike Collection,2,289734628.0,144867314.0
Mall Cop Collection,2,290890373.0,145445186.5
Adventures of Mowgli,2,0.0,0.0
Man of Marble/Iron Collection,2,0.0,0.0
Man of Steel Collection,2,1536105712.0,768052856.0
Mannequin Collection,2,46473622.0,23236811.0
AVP Collection,2,212980929.0,106490464.5
Men in the City Collection,2,0.0,0.0
Mardock Scramble Collection,2,0.0,0.0
Marley & Me Collection,2,244082376.0,122041188.0
Masti Collection,2,47000000.0,23500000.0
A Man Called Horse Collection,2,0.0,0.0
A Haunted House Collection,2,60141683.0,30070841.5
McHale's Navy Collection,2,4529843.0,2264921.5
Mean Girls Collection,2,129042871.0,64521435.5
Mechanic Collection,2,176800442.0,88400221.0
Megazone 23 Collection,2,0.0,0.0
A Goofy Movie Collection,2,35348597.0,17674298.5
Alice in Wonderland Collection,2,1324861194.0,662430597.0
John Pinette Collection,2,0.0,0.0
All Stars Collectie,2,0.0,0.0
Machete Collection,2,46336060.0,23168030.0
Lew Harper Collection,2,12000000.0,6000000.0
Library Wars Collection,2,0.0,0.0
Like Mike Collection,2,0.0,0.0
Alone in the Dark Collection,2,10442808.0,5221404.0
Lilla Jönsonligan Collection,2,0.0,0.0
Little Forest Collection,2,0.0,0.0
Little Nicholas Collection,2,0.0,0.0
Little Witch Academia Collection,2,0.0,0.0
Almighty Collection,2,657572835.0,328786417.5
Loose Change Collection,2,0.0,0.0
Alligator Collection,2,0.0,0.0
Allan Quatermain Collection,2,238227.0,119113.5
Lotta,2,0.0,0.0
Love Hina Collection,2,0.0,0.0
Love in a... Collection,2,0.0,0.0
"All inclusive, или все включено (Коллекция)",2,0.0,0.0
Lucky Luke (Animation) Collection,2,0.0,0.0
M.D. Geist Collection,2,0.0,0.0
MVP,2,0.0,0.0
Ma and Pa Kettle Collection,2,0.0,0.0
MacGyver (TV Movies) Collection,2,0.0,0.0
A Few Best Men Collection,2,29131311.0,14565655.5
A Christmas Story Collection,2,19294144.0,9647072.0
Les Tuche,2,0.0,0.0
Nick Carter Collection,2,0.0,0.0
My Wife is a Gangster Collection,2,0.0,0.0
28 Days/Weeks Later Collection,2,146958325.0,73479162.5
Nanny McPhee Collection,2,215736210.0,107868105.0
Napapiirin sankarit,2,0.0,0.0
National Treasure Collection,2,804815062.0,402407531.0
Navarone Collection,2,36130000.0,18065000.0
Neighbors Collection,2,376915921.0,188457960.5
2 Days In... Collection,2,21429951.0,10714975.5
Nekromantik Collection,2,0.0,0.0
New Kids Collection,2,8786756.0,4393378.0
Niko - Coleccion,2,17000000.0,8500000.0
Mickey's Upon a Christmas Collection,2,0.0,0.0
Nim's Island Collection,2,100076342.0,50038171.0
Ninja Collection,2,0.0,0.0
1920 Collection,2,0.0,0.0
101 Dalmatians (Live-Action) Collection,2,504301065.0,252150532.5
Nobody Collection,2,0.0,0.0
101 Dalmatians (Animated) Collection,2,215880014.0,107940007.0
Now You See Me Collection,2,452600231.0,226300115.5
OSS 117 Collection,2,0.0,0.0
100 Girls Collection,2,0.0,0.0
Ocho apellidos - Colección,2,0.0,0.0
3 Men Collection,2,0.0,0.0
My Mom is a Character Collection,2,0.0,0.0
My Girl Collection,2,0.0,0.0
My Friends Collection,2,0.0,0.0
9½ Weeks Collection,2,6735922.0,3367961.0
976-EVIL Collection,2,2955917.0,1477958.5
Mirrors Collection,2,72436439.0,36218219.5
Miss Congeniality Collection,2,212000000.0,106000000.0
Mister Blot Collection,2,0.0,0.0
Mobile Suit Gundam Collection,2,0.0,0.0
8MM Collection,2,96618699.0,48309349.5
Mommies Collection,2,11666088.0,5833044.0
48 Hrs. Collection,2,232387482.0,116193741.0
Monsters Collection,2,4242978.0,2121489.0
Mortal Kombat Collection,2,173572781.0,86786390.5
Moskva-Kassiopeya Collection,2,0.0,0.0
Mountain Family Robinson Collection,2,0.0,0.0
Mr. Bean Collection,2,480949014.0,240474507.0
300 Collection,2,760190470.0,380095235.0
30 Days of Night Collection,2,75505973.0,37752986.5
Mr. Vampire Collection,2,0.0,0.0
Mulan Collection,2,304320254.0,152160127.0
Munna Bhai Collection,2,0.0,0.0
My Big Fat Greek Wedding Collection,2,457667295.0,228833647.5
My Bloody Valentine Collection,2,100734718.0,50367359.0
American Graffiti Collection,2,155014674.0,77507337.0
Dark Planet Collection,2,27708716.0,13854358.0
La cage aux folles,2,27374384.0,13687192.0
La trilogie de la mort – Nacho Cerda,2,0.0,0.0
Bad Boys Collection,2,414746580.0,207373290.0
Azumi Collection,2,0.0,0.0
Kill Bill Collection,2,333108461.0,166554230.5
Annie Collection,2,57059003.0,28529501.5
Laid to Rest Collection,2,0.0,0.0
Lady and the Tramp Collection,2,93600000.0,46800000.0
Kiler Collection,2,0.0,0.0
Bachelor Party Collection,2,38435947.0,19217973.5
Karlson Collection,2,0.0,0.0
Klovn,2,0.0,0.0
Babysitting,2,0.0,0.0
Another Gay Movie Collection,2,745327.0,372663.5
King Kong (1976 series),2,95325665.0,47662832.5
Les Mystères de l'ouest (Collection),2,0.0,0.0
Kidulthood Collection,2,165000.0,82500.0
Kokowääh Filmreihe,2,43000000.0,21500000.0
Baby Burlesks,2,0.0,0.0
Korengal Valley Documentaries,2,1422910.0,711455.0
Antboy Collection,2,0.0,0.0
Kick-Ass Collection,2,156888903.0,78444451.5
Kenny Rogers Legend Of The Gambler,2,0.0,0.0
Keinohrhasen Filmreihe,2,130023447.0,65011723.5
La Classe Américaine & Cie,2,0.0,0.0
Ants in the Pants Collection,2,0.0,0.0
Babe Collection,2,323266770.0,161633385.0
L'allenatore nel pallone - Collezione,2,10743767.0,5371883.5
Largo Winch Collection,2,0.0,0.0
Klassefesten (Samling),2,0.0,0.0
Bahubali Collection,2,330000000.0,165000000.0
Anglo-Zulu War Collection,2,8000000.0,4000000.0
King of the Zombies Collection,2,0.0,0.0
American Psycho Collection,2,34266564.0,17133282.0
King Kong (1933 series),2,10000000.0,5000000.0
John Wick Collection,2,260301548.0,130150774.0
Kindergarten Cop Collection,2,201957688.0,100978844.0
Analyze Collection,2,231888793.0,115944396.5
Johnny English Collection,2,320661604.0,160330802.0
Atlantis Collection,2,186053725.0,93026862.5
Johnny Tsunami Collection,2,0.0,0.0
Leningrad Cowboys Collection,2,0.0,0.0
Arthur Collection,2,110142874.0,55071437.0
Anche gli angeli - Collezione,2,0.0,0.0
Arn collection,2,0.0,0.0
Kusswechsel Filmreihe,2,0.0,0.0
Attack on Titan Collection,2,0.0,0.0
Lavalantula Collection,2,0.0,0.0
Bad Kids Collection,2,0.0,0.0
Jump Street Collection,2,390026942.0,195013471.0
Animation Runner Kuromi (OAV collection),2,0.0,0.0
Bad Santa Collection,2,94271067.0,47135533.5
Kirikou,2,0.0,0.0
Journey Collection,2,457394820.0,228697410.0
Le Cœur des Hommes,2,0.0,0.0
Beck - Historien om ett brott,1,0.0,0.0
The Sister Street Fighter Collection,1,0.0,0.0
Avatar Collection,1,2787965087.0,2787965087.0
Barney Collection,1,0.0,0.0
Aurélie Laflamme Collection,1,0.0,0.0
Classmates Collection,1,0.0,0.0
The Secret Life of Pets Collection,1,875457937.0,875457937.0
The Six Million Dollar Man Collection,1,0.0,0.0
Cleopatra Jones,1,0.0,0.0
Bats Collection,1,10.0,10.0
Zipi y Zape - Colección,1,0.0,0.0
Cirque du Soleil Collection,1,34153101.0,34153101.0
Zebraman Collection,1,0.0,0.0
Zero Woman Collection,1,0.0,0.0
Ur kärlekens språk,1,0.0,0.0
Warriors of Virtue Collection,1,0.0,0.0
Zombi Collection,1,0.0,0.0
Параграф 78 - Дилогия,1,0.0,0.0
The Pub Landlord Collection,1,0.0,0.0
Umizaru Collection,1,0.0,0.0
Cyborg 009 Collection,1,0.0,0.0
Turkish Star Wars,1,0.0,0.0
Никто не знает про секс - Коллекция,1,0.0,0.0
DMB Collection,1,0.0,0.0
The Postman Collection,1,17626234.0,17626234.0
Зимняя Вишня (трилогия),1,0.0,0.0
Täällä Pohjantähden alla (Timo Koivusalo),1,0.0,0.0
Сказки Чуковского,1,0.0,0.0
Чебурашка и крокодил Гена,1,0.0,0.0
U Pana Boga Collection,1,0.0,0.0
08/15 Collection,1,0.0,0.0
Daddy's Home Collection,1,242786137.0,242786137.0
CyberTracker Collection,1,0.0,0.0
Tulse Luper,1,25800.0,25800.0
3 Men (Original) Collection,1,2052466.0,2052466.0
Çalgı Çengi Collection,1,0.0,0.0
Cold War Collection,1,0.0,0.0
Constantine Collection,1,230884728.0,230884728.0
Zu Warriors Collection,1,0.0,0.0
The Sally Lochhart Mysteries Collection,1,0.0,0.0
2001 Maniacs Collection,1,0.0,0.0
Åsa-Nisse Collection,1,0.0,0.0
Şevkat Yerimdar Serisi,1,0.0,0.0
Bang Rajan Collection,1,0.0,0.0
Trinità  Collection,1,0.0,0.0
Алиса в стране чудес (Коллекция),1,0.0,0.0
Cross Collection,1,0.0,0.0
The Reef Collection,1,0.0,0.0
Truth in 24 Collection,1,0.0,0.0
Горько! (Коллекция),1,0.0,0.0
Begotten Collection,1,0.0,0.0
The Spiritual Boxer Collection,1,0.0,0.0
Chinese Boxer Collection,1,0.0,0.0
The Wixxer Trilogy,1,0.0,0.0
Anja & Viktor Collection,1,0.0,0.0
Waldemar Daninsky Collection,1,0.0,0.0
White Collar Hooligan Collection,1,0.0,0.0
Till Luck Do Us Part Collection,1,1672940.0,1672940.0
Annabelle Collection,1,255273813.0,255273813.0
White Crane Chronicles,1,0.0,0.0
Blade Runner Collection,1,33139618.0,33139618.0
All for ...,1,0.0,0.0
Adventures of a ...,1,0.0,0.0
Viy Collection,1,34592118.0,34592118.0
Wild Orchid Collection,1,0.0,0.0
Alan Davies Collection,1,0.0,0.0
The Waxwork Collection,1,808114.0,808114.0
Black Magic Collection,1,0.0,0.0
The Water of the Hills,1,0.0,0.0
Black & White Collection,1,0.0,0.0
All of My Heart Collection,1,0.0,0.0
Allan Quatermain (1950 series),1,0.0,0.0
Aniskin Collection,1,0.0,0.0
Thunder in Paradise Collection,1,0.0,0.0
Warriors of the Rainbow: The Seediq Bale Saga,1,0.0,0.0
This is England Collection,1,8176544.0,8176544.0
American Addict Collection,1,0.0,0.0
They Call Me Bruce Collection,1,16894678.0,16894678.0
Thermae Romae Collection,1,0.0,0.0
Always: Sunset on Third Street Collection,1,33053559.0,33053559.0
Anatomy Collection,1,0.0,0.0
Boston Blackie Series,1,0.0,0.0
We're the Millers Collection,1,269994119.0,269994119.0
Wanted - Collection,1,258270008.0,258270008.0
Welcome Collection,1,36500000.0,36500000.0
Angelique Collection,1,0.0,0.0
Bloodfist Collection,1,0.0,0.0
Bloodfight,1,0.0,0.0
Blood Island (Hammer series),1,0.0,0.0
Vi hade i alla fall tur med vädret Collection,1,0.0,0.0
Cabin By The Lake Collection,1,0.0,0.0
China O'Brien Collection,1,0.0,0.0
Vai Que Dá Certo,1,0.0,0.0
Chaar Sahibzaade Collection,1,0.0,0.0
Wreck-It Ralph Collection,1,471222889.0,471222889.0
Valami Amerika gyűjtemény,1,0.0,0.0
The Storm Riders Collection,1,0.0,0.0
Tomie Collection,1,0.0,0.0
Tomtar och Trolltyg Collection,1,0.0,0.0
Yamakasi - Collection,1,0.0,0.0
Yamla Pagla Deewana,1,0.0,0.0
Ant-Man Collection,1,519311965.0,519311965.0
You Got Served Collection,1,0.0,0.0
Young And Dangerous Collection,1,0.0,0.0
Art of the Devil Collection,1,0.0,0.0
The South Shaolin Master Collection,1,0.0,0.0
Assassination Classroom Collection,1,0.0,0.0
Zanna Bianca Collection,1,0.0,0.0
The Snowman Collection,1,0.0,0.0
Vampire Boys Collection,1,0.0,0.0
Armitage III Collection,1,0.0,0.0
The Sweeney Collection,1,0.0,0.0
Argo Collection,1,0.0,0.0
Ada Apa Dengan Cinta? Collection,1,0.0,0.0
The Under-Gifted Collection,1,0.0,0.0
Tokyo Decadence series,1,0.0,0.0
Action Pack Bandit Films Collection,1,0.0,0.0
Aces Go Places Collection,1,0.0,0.0
Aashiqui Collection,1,16000000.0,16000000.0
Caméra Café,1,0.0,0.0
Caprinos Eventyrlige Verden,1,0.0,0.0
Wodehouse P.G. Collection,1,0.0,0.0
Wolf Warriors Collection,1,80000000.0,80000000.0
Wonder Woman Collection,1,820580447.0,820580447.0
Apocalypse Collection,1,0.0,0.0
ABCD Collection,1,222000.0,222000.0
World War Z Collection,1,531865000.0,531865000.0
Arabian Nights,1,0.0,0.0
All Hallow's Eve Collection,1,0.0,0.0
Olsen Banden (Samling),1,0.0,0.0
Dark Rising Collection,1,0.0,0.0
La Tour Infernale,1,0.0,0.0
Lady Snowblood Collection,1,0.0,0.0
Seed Collection,1,0.0,0.0
Lammbock Collection,1,0.0,0.0
Lamù Collection,1,0.0,0.0
LasseMaja: Samling,1,0.0,0.0
Schule Collection,1,0.0,0.0
Lauras Stern,1,0.0,0.0
Sağ Salim Serisi,1,0.0,0.0
Lee Rock Collection,1,0.0,0.0
Legends of the Poisonous Seductress,1,0.0,0.0
Lemmy Caution Collection,1,0.0,0.0
Lemon Popsicle Collection,1,0.0,0.0
Les Boys,1,0.0,0.0
Les Charlots - Saga,1,0.0,0.0
Santa's Apprentice,1,0.0,0.0
Les Profs,1,0.0,0.0
Letters to Santa Collection,1,0.0,0.0
Sami Swoi Collection,1,0.0,0.0
Salt and Pepper Collection,1,0.0,0.0
Lezioni di Cioccolato Collection,1,0.0,0.0
Sadako 3D Collection,1,0.0,0.0
Sabrina the Teenage Witch Collection,1,0.0,0.0
Little Bear,1,0.0,0.0
Long Arm of the Law Collection,1,0.0,0.0
Los Leguineche - Colección,1,1622164.0,1622164.0
Romantik Komedi [Seri],1,0.0,0.0
Robotech (Samling),1,0.0,0.0
Lovey-Dovey Collection,1,0.0,0.0
Robot Chicken: Star Wars Collection,1,0.0,0.0
Sex Up Filmreihe,1,0.0,0.0
Sex is Zero Collection,1,0.0,0.0
Inuyasha Collection,1,0.0,0.0
Shadow Warriors,1,0.0,0.0
Isi/Disi Collection,1,0.0,0.0
Ivan Brovkin Collection,1,0.0,0.0
Spirits' Homecoming Collection,1,0.0,0.0
Joséphine - Saga,1,0.0,0.0
Journey to the West Collection,1,0.0,0.0
Snake Eater Collection,1,0.0,0.0
K3 Collectie,1,0.0,0.0
Karas The Collection,1,0.0,0.0
Slime City Collection,1,0.0,0.0
Kathleen Madigan Collection,1,0.0,0.0
Kati Collection,1,0.0,0.0
Kenji Misumi's Trilogy of the Sword,1,0.0,0.0
Skeleton Key Collection,1,0.0,0.0
Six Swedes Collection,1,0.0,0.0
Kill Buljo Collection,1,0.0,0.0
Singam Collection,1,9700000.0,9700000.0
Killer Crocodile Collection,1,0.0,0.0
Kim Possible Collection,1,0.0,0.0
Sides of the Bed,1,0.0,0.0
Kingsman Collection,1,414351546.0,414351546.0
Showgirls Collection,1,20350754.0,20350754.0
Short Peace,1,0.0,0.0
Shin Chan Collection,1,0.0,0.0
Kleines Arschloch Collection,1,0.0,0.0
Knerten Collection,1,0.0,0.0
Kocan Kadar Konuş Serisi,1,0.0,0.0
Kolpaçino Serisi,1,0.0,0.0
Krummerne (Samling),1,0.0,0.0
Kung Fu Mahjong Collection,1,0.0,0.0
Lucky Luke (Terence Hill) Collection,1,0.0,0.0
Road House Collection,1,30050028.0,30050028.0
Macon County Collection,1,0.0,0.0
Ring of Fire Collection,1,0.0,0.0
Mods Collection,1,0.0,0.0
Mondo Cane Collection,1,0.0,0.0
00 Schneider Filmreihe,1,0.0,0.0
Mr. Bones Collection,1,0.0,0.0
Mr. Boogedy Collection,1,0.0,0.0
Mrs. Miracle Collection,1,0.0,0.0
Pierino - Serie ufficiale,1,0.0,0.0
My Sassy Girl Collection,1,0.0,0.0
My Sisters Kids Collection,1,0.0,0.0
Pekko aikamiespoika Collection,1,0.0,0.0
Mystery Woman,1,0.0,0.0
Mörderischer Norden,1,0.0,0.0
NASU Collection,1,0.0,0.0
Nadodikkattu Collection,1,0.0,0.0
Naked Fear Collection,1,0.0,0.0
Nana Collection,1,0.0,0.0
Papa ou Maman Collection,1,0.0,0.0
Pacific Rim Collection,1,407602906.0,407602906.0
PTU Collection,1,0.0,0.0
Nevada Smith Collection,1,0.0,0.0
Ostwind Filmreihe,1,0.0,0.0
Ninjas vs. Collection,1,0.0,0.0
Nitro Collection,1,0.0,0.0
No Good Middle-Aged Yakuza Trilogy,1,0.0,0.0
Northpole,1,0.0,0.0
Nymphomaniac Collection,1,2227167.0,2227167.0
Once were Warriors Collection,1,2201126.0,2201126.0
OSS 117 The Original Saga,1,0.0,0.0
Old Way Collection,1,0.0,0.0
Mister Roberts Collection,1,0.0,0.0
Prep & Landing Collection,1,0.0,0.0
Minions: 3 Mini-Movie Collection,1,0.0,0.0
Rakht Charitra,1,0.0,0.0
Macross Frontier Collection,1,0.0,0.0
"Rico, Oskar 1, 2 & 3",1,0.0,0.0
Richie Rich Collection,1,0.0,0.0
Richard the Lionheart Collection,1,0.0,0.0
Macskafogó gyűjtemény,1,0.0,0.0
Madeline,1,0.0,0.0
Magic Kid Collection,1,0.0,0.0
Regalo di Natale - Collezione,1,0.0,0.0
Red Lotus Collection,1,0.0,0.0
Mamma Mia! Collection,1,609841637.0,609841637.0
Mandıra Filozofu Serisi,1,0.0,0.0
Rare Exports Collection,1,0.0,0.0
Mann Filmreihe,1,0.0,0.0
Race Gurram collection,1,0.0,0.0
Miles Jupp Standup Collection,1,0.0,0.0
Raaz Collection,1,0.0,0.0
"Maria, ihm schmeckt's nicht!",1,0.0,0.0
Martial Law Collection,1,0.0,0.0
Quando le donne avevano la coda,1,0.0,0.0
Puss 'n Boots Collection,1,0.0,0.0
Max (Collection),1,43967255.0,43967255.0
Puff Collection,1,0.0,0.0
Memories Collection,1,0.0,0.0
Public Enemy Series,1,0.0,0.0
Meu Passado me Condena,1,0.0,0.0
Mi Nismo Anđeli Collection,1,0.0,0.0
Midnight Diner Collection,1,0.0,0.0
Mikogami Trilogy / Wanderer Jôkichi,1,0.0,0.0
Iron Sky Collection,1,8135031.0,8135031.0
In the Vineyard Collection,1,0.0,0.0
Dead in Tombstone Collection,1,0.0,0.0
Eccezzziunale... veramente Collections,1,0.0,0.0
The Hobgoblin Collection,1,0.0,0.0
Elvira Collection,1,5596267.0,5596267.0
Emmanuelle 2000 Collections (USA),1,0.0,0.0
Encounters of the Spooky Kind Collection,1,731753.0,731753.0
The Heroic Trio Collection,1,0.0,0.0
Erotic Ghost Story Collection,1,0.0,0.0
Ex Collection,1,0.0,0.0
Extralarge Collection,1,0.0,0.0
F.C. De Kampioenen Collectie,1,7471304.0,7471304.0
Fallen Collection,1,0.0,0.0
Fantastic Beasts Collection,1,809342332.0,809342332.0
Fanthagirò Collection,1,0.0,0.0
The Frogtown Collection,1,0.0,0.0
Fast Getaway Collection,1,0.0,0.0
The Four Collection,1,0.0,0.0
Fatal Fury Collection,1,0.0,0.0
Father Flanagan Collection,1,0.0,0.0
Father and Guns Collection,1,0.0,0.0
Father of Four Collection,1,0.0,0.0
Fear Collection,1,0.0,0.0
The Falls Collection,1,0.0,0.0
The Exterminator Collection,1,0.0,0.0
Fight Back to School Collection,1,0.0,0.0
The Encounter Collection,1,0.0,0.0
Flatland Collection,1,0.0,0.0
Omae Umasou Da na,1,0.0,0.0
The Dog Who Saved Christmas Collection,1,0.0,0.0
Flower & Snake Collection,1,0.0,0.0
Flower Shop Mystery Collection,1,0.0,0.0
The Houses October Built Collection,1,0.0,0.0
Eberhofer Krimi Collection,1,0.0,0.0
Star Wreck Collection,1,0.0,0.0
The Incredibles Collection,1,631442092.0,631442092.0
The Nut Job Collection,1,0.0,0.0
The Nigger Charley Collection,1,0.0,0.0
Deadly Prey Collection,1,0.0,0.0
Deadpool Collection,1,783112979.0,783112979.0
Death Note Relight,1,0.0,0.0
The Monkey King Collection,1,0.0,0.0
The Modesty Blaise Collection,1,0.0,0.0
Der Bockerer Collection,1,0.0,0.0
Destricted,1,0.0,0.0
Detonator Collection,1,0.0,0.0
The Mark Collection,1,0.0,0.0
The Mangler Collection,1,0.0,0.0
Devasuram Collection,1,0.0,0.0
The Man from Earth Collection,1,0.0,0.0
Die Kirche bleibt im Dorf Collection,1,0.0,0.0
Die Nibelungen Filmreihe,1,0.0,0.0
Digimon Collection,1,0.0,0.0
Disneys Große Pause,1,44460850.0,44460850.0
Dixie Zombi - Colección,1,0.0,0.0
Don't Go Breaking My Heart Collection,1,0.0,0.0
Doraemon Collection,1,83061158.0,83061158.0
Dr. Mabuse Collection,1,0.0,0.0
The Krays Collection,1,0.0,0.0
Dragon Nest Collection,1,0.0,0.0
The Joys of Torture Series,1,0.0,0.0
Dreileben,1,0.0,0.0
Ducobu Collection,1,0.0,0.0
Düğün Dernek Collection,1,0.0,0.0
East Side Kids,1,0.0,0.0
Flower and Snake Collection,1,0.0,0.0
The Devil's Carnival Collection,1,0.0,0.0
The Desert Collection,1,0.0,0.0
Fontaine Khaled Collection,1,0.0,0.0
Heidi (Praesens-Film) Filmreihe,1,0.0,0.0
Hentai Kamen Collection,1,0.0,0.0
Tarzan (Mike Henry series),1,0.0,0.0
Hopalong Cassidy films,1,0.0,0.0
Tales From The Dark Collection,1,0.0,0.0
Horror High Collection,1,0.0,0.0
Takashi Miike's Young Thugs series,1,0.0,0.0
Takashi Miike's Black Society Trilogy,1,0.0,0.0
Tainá,1,0.0,0.0
Tada's Do-It-All Collection,1,0.0,0.0
Hot Wheels: AcceleRacers - Collection,1,0.0,0.0
Swordsman Collection,1,0.0,0.0
House of Angels Collection,1,0.0,0.0
Surf's Up Collection,1,149044513.0,149044513.0
Superman (DC Universe Animated) Collection,1,0.0,0.0
Super Troopers Collection,1,18492362.0,18492362.0
Super Size Me Collection,1,28575078.0,28575078.0
How I Unleashed World War II,1,0.0,0.0
I Love a Mystery movie series,1,0.0,0.0
I Spit on Your Grave (Original) Collection,1,0.0,0.0
I due carabinieri Collecion,1,0.0,0.0
I pompieri - Collezione,1,0.0,0.0
I soliti idioti Collection,1,0.0,0.0
Stomp the Yard Collection,1,75511123.0,75511123.0
If You Are the One (Collection),1,0.0,0.0
Il medico della mutua Collection,1,0.0,0.0
Il tassinaro,1,0.0,0.0
Immaturi Collection,1,0.0,0.0
In the Line of Duty Collection,1,0.0,0.0
He Who Dares Collection,1,0.0,0.0
Hayride Collection,1,0.0,0.0
Tere Bin Laden Collection,1,0.0,0.0
God of Gamblers Collection,1,4762337.0,4762337.0
Footsoldier Collection,1,0.0,0.0
Force Collection,1,0.0,0.0
Freche Mädchen Filmreihe,1,0.0,0.0
Fred Collection,1,0.0,0.0
The Cutlass Collection,1,0.0,0.0
The Croods Collection,1,585178928.0,585178928.0
The ChubbChubbs Collection,1,0.0,0.0
Galaxy Express 999 Collection,1,0.0,0.0
Gangs of Wasseypur Collection,1,4100000.0,4100000.0
The Cheerleaders - Collection,1,0.0,0.0
Garage Sale Mystery Collection,1,0.0,0.0
The Bride with White Hair Collection,1,0.0,0.0
Glass Tiger collection,1,0.0,0.0
Golgo 13 Collection,1,0.0,0.0
Hard Time Collection,1,0.0,0.0
Gone in 60 Seconds Trilogy,1,0.0,0.0
Gonin collection,1,0.0,0.0
The Black Mask Collection,1,0.0,0.0
The Big Bottom Box,1,0.0,0.0
Goopy Bagha Trilogy,1,0.0,0.0
The August Underground Collection,1,0.0,0.0
Gumball 3000 Collection,1,0.0,0.0
Gunbuster Collection,1,0.0,0.0
The Angrez Collection,1,300000.0,300000.0
Göta kanal collection,1,0.0,0.0
Hailey Dean Mystery Collection,1,0.0,0.0
The Adventures of Mickey Matson Collection,1,0.0,0.0
The 1997 Trilogy,1,0.0,0.0
Flesh Gordon Collection,1,0.0,0.0
